Writer,3 error,2 error,1 error,3-tot,2-tot,1-tot
Emon Jubayer,37.39669421487603,11.570247933884298,4.338842975206612,362-968,112-968,42-968
Hasan Mahbub,21.142857142857142,8.0,0.5714285714285714,37-175,14-175,1-175
Kandari Athorbo,61.23595505617978,34.831460674157306,14.606741573033707,109-178,62-178,26-178
MZI,28.82882882882883,1.8018018018018018,0.0,32-111,2-111,0-111
Nir Shondhani,21.55688622754491,4.191616766467066,1.1976047904191618,36-167,7-167,2-167
Tareque Anu,27.011494252873565,4.310344827586207,1.1494252873563218,94-348,15-348,4-348
