Writer,4 error,3 error,2 error,1 error,4-tot,3-tot,2-tot,1-tot
Emon Jubayer,67.87190082644628,29.132231404958674,9.81404958677686,3.925619834710744,657-968,282-968,95-968,38-968
Hasan Mahbub,25.142857142857146,12.0,4.571428571428571,0.0,44-175,21-175,8-175,0-175
Kandari Athorbo,64.60674157303372,42.13483146067416,21.910112359550563,8.426966292134832,115-178,75-178,39-178,15-178
MZI,29.72972972972973,2.7027027027027026,0.9009009009009009,0.0,33-111,3-111,1-111,0-111
Nir Shondhani,29.94011976047904,7.18562874251497,1.7964071856287425,0.0,50-167,12-167,3-167,0-167
Tareque Anu,31.03448275862069,7.183908045977011,2.2988505747126435,0.8620689655172413,108-348,25-348,8-348,3-348
